Model,Accuracy,Precision,Recall,F1 Score,ROC-AUC
Random Forest,0.8828828828828829,0.8862944162436548,0.9943052391799544,0.9371980676328503,0.7620060618611043
XGBoost,0.8718718718718719,0.8890041493775933,0.9760820045558086,0.9305103148751357,0.7632720872004367
Gradient Boosting,0.8748748748748749,0.889348500517063,0.979498861047836,0.9322493224932249,0.7717859899471
